,NO-N,NO-S
par_heating,109.87838967178988,325.5351556886133
par_cooling,0.0,190.1535209527509
